{
	"nach0.types.fishersremastered.fish": {
		"categories": [
			"nach0",
			"MoreNutrition",
			"food"
		],
		"isPlaceable": false,
		"icon": "./textures/icons/fish.png",
		"maxStackSize": 150,
		"nutritionalValue" : 1
	},
	"nach0.types.fishersremastered.cookedfish": {
		"categories": [
			"nach0",
			"MoreNutrition",
			"food"
		],
		"isPlaceable": false,
		"icon": "./textures/icons/cookedfish.png",
		"maxstacksize": 150,
		"nutritionalValue": 2.25
	},
	"nach0.types.fishersremastered.compost": {
		"categories": [
			"nach0",
			"MoreNutrition"
		],
		"isPlaceable": false,
		"icon": "./textures/icons/compost.png",
		"maxStackSize": 50
	},
	"nach0.types.fishersremastered.lure": {
		"categories": [
			"nach0",
			"MoreNutrition",
			"tool"
		],
		"isPlaceable": false,
		"icon": "./textures/icons/lure.png"
	},
	"nach0.types.fishersremastered.composter": {
		"categories": [
			"nach0",
			"MoreNutrition",
			"jobs"
		],
		"isPlaceable": true,
		"icon": "./textures/icons/composter.png",
		"maxStackSize": 50,
		"sidey+": "nach0.textures.fishersremastered.composter.top",
		"sidey-": "crate",
		"sideall": "nach0.textures.fishersremastered.composter.sides"
	},
	"nach0.types.fishersremastered.bait": {
		"categories": [
			"nach0",
			"MoreNutrition"
		],
		"isPlaceable": false,
		"icon": "./textures/icons/bait.png",
		"maxStackSize": 50
	},
	"nach0.types.fishersremastered.rod": {
		"categories": [
			"nach0",
			"MoreNutrition",
			"jobs"
		],
		"icon": "./textures/icons/rod.png",
		"maxStackSize": 50,
		"isRotatable" : true,
		"isSolid" : false,
		"needsBase" : true,
		"rotatablex-": "nach0.types.fishersremastered.rod.x-",
		"rotatablex+": "nach0.types.fishersremastered.rod.x+",
		"rotatablez-": "nach0.types.fishersremastered.rod.z-",
		"rotatablez+": "nach0.types.fishersremastered.rod.z+"
	},
	"nach0.types.fishersremastered.rod.x-" : {
		"parentType": "nach0.types.fishersremastered.rod",
		"mesh": "./meshes/rodx-.obj",
		"boxes": [{"max": [0.5, 0.5, 0.5],"min": [-0.5, -0.5, -0.5]}],
		"sideall": "planks"
	},
	"nach0.types.fishersremastered.rod.x+" : {
		"parentType": "nach0.types.fishersremastered.rod",
		"mesh": "./meshes/rodx+.obj",
		"boxes": [{"max": [0.5, 0.5, 0.5],"min": [-0.5, -0.5, -0.5]}],
		"sideall": "planks"
	},
	"nach0.types.fishersremastered.rod.z-" : {
		"parentType": "nach0.types.fishersremastered.rod",
		"mesh": "./meshes/rodz-.obj",
		"boxes": [{"max": [0.5, 0.5, 0.5],"min": [-0.5, -0.5, -0.5]}],
		"sideall": "planks"
	},
	"nach0.types.fishersremastered.rod.z+" : {
		"parentType": "nach0.types.fishersremastered.rod",
		"mesh": "./meshes/rodz+.obj",
		"boxes": [{"max": [0.5, 0.5, 0.5],"min": [-0.5, -0.5, -0.5]}],
		"sideall": "planks"
	},
	"nach0.types.fishersremastered.betterrod": {
		"categories": [
			"nach0",
			"MoreNutrition",
			"jobs"
		],
		"icon": "./textures/icons/rod.png",
		"maxStackSize": 50,
		"isRotatable" : true,
		"isSolid" : false,
		"needsBase" : true,
		"rotatablex-": "nach0.types.fishersremastered.betterrod.x-",
		"rotatablex+": "nach0.types.fishersremastered.betterrod.x+",
		"rotatablez-": "nach0.types.fishersremastered.betterrod.z-",
		"rotatablez+": "nach0.types.fishersremastered.betterrod.z+"
	},
	"nach0.types.fishersremastered.betterrod.x-" : {
		"parentType": "nach0.types.fishersremastered.betterrod",
		"mesh": "./meshes/rodx-.obj",
		"boxes": [{"max": [0.5, 0.5, 0.5],"min": [-0.5, -0.5, -0.5]}],
		"sideall": "coatedplanks"
	},
	"nach0.types.fishersremastered.betterrod.x+" : {
		"parentType": "nach0.types.fishersremastered.betterrod",
		"mesh": "./meshes/rodx+.obj",
		"boxes": [{"max": [0.5, 0.5, 0.5],"min": [-0.5, -0.5, -0.5]}],
		"sideall": "coatedplanks"
	},
	"nach0.types.fishersremastered.betterrod.z-" : {
		"parentType": "nach0.types.fishersremastered.betterrod",
		"mesh": "./meshes/rodz-.obj",
		"boxes": [{"max": [0.5, 0.5, 0.5],"min": [-0.5, -0.5, -0.5]}],
		"sideall": "coatedplanks"
	},
	"nach0.types.fishersremastered.betterrod.z+" : {
		"parentType": "nach0.types.fishersremastered.betterrod",
		"mesh": "./meshes/rodz+.obj",
		"boxes": [{"max": [0.5, 0.5, 0.5],"min": [-0.5, -0.5, -0.5]}],
		"sideall": "coatedplanks"
	}
}